shapeName,Population (people),Color,Inset,Label
Glarus,40147,,,
Luzern,403397,,,
Bern,1026513,,,
Aargau,663462,,,
Basel-Landschaft,285624,,,
Zug,123948,,,
Obwalden,37378,,,
Nidwalden,42556,,,
Grisons,197550,,,
Appenzell Ausserrhoden,54954,,,
Appenzell Innerrhoden,16003,,,
Valais/Wallis,339176,,,
Sankt Gallen,502552,,,
Ticino,354375,,,
Schwyz,155863,,,
Zurich,1487969,,,
Thurgau,270709,,,
Uri,36145,,,
Schaffhausen,80769,,,
Jura,73122,,,
Fribourg,311914,,,
Basel-City,193070,,,
Solothurn,269441,,,
Geneva,489524,,,
Neuch√¢tel,178567,,,
Vaud,784822,,,
